No,Nama,Alamat,Kota,Jumlah orang,Note
3001,,,,2,
3002,,,,2,
3003,,,,2,
3004,,,,2,
3005,,,,2,
3006,,,,2,
3007,,,,2,
3008,,,,2,
3009,,,,2,
3010,,,,2,
3011,,,,2,
3012,,,,2,
3013,,,,2,
3014,,,,2,
3015,,,,2,
3016,,,,2,
3017,,,,2,
3018,,,,2,
3019,,,,2,
3020,,,,2,
3021,,,,2,
3022,,,,2,
3023,,,,2,
3024,,,,2,
3025,,,,2,
3026,,,,2,
3027,,,,2,
3028,,,,2,
3029,,,,2,
3030,,,,2,
3031,,,,2,
3032,,,,2,
3033,,,,2,
3034,,,,2,
3035,,,,2,
3036,,,,2,
3037,,,,2,
3038,,,,2,
3039,,,,2,
3040,,,,2,
3041,,,,2,
3042,,,,2,
3043,,,,2,
3044,,,,2,
3045,,,,2,
3046,,,,2,
3047,,,,2,
3048,,,,2,
3049,,,,2,
3050,,,,2,
3051,,,,2,
3052,,,,2,
3053,,,,2,
3054,,,,2,
3055,,,,2,
3056,,,,2,
3057,,,,2,
3058,,,,2,
3059,,,,2,
3060,,,,2,
